booked_in_time,total_deliveries,non_compliant_deliveries,late_rate
,24,24,100
13:30,88,24,27.272727272727273
11:30,44,12,27.272727272727273
08:30,102,25,24.50980392156863
07:30,33,7,21.21212121212121
13:00,84,16,19.047619047619047
06:30,106,18,16.9811320754717
12:00,32,5,15.625
14:00,34,5,14.705882352941176
10:00,45,6,13.333333333333334
11:00,61,8,13.114754098360656
06:00,36,4,11.11111111111111
09:00,109,12,11.009174311926605
07:00,38,4,10.526315789473685
09:30,34,3,8.823529411764707
10:30,133,11,8.270676691729323
08:00,50,4,8
12:30,117,7,5.982905982905983
