vendor,total_deliveries,ontime_deliveries,on_time_rate
HCN,51,28,54.90196078431372
ZAK,117,68,58.11965811965812
NHP,41,24,58.53658536585366
NRL,116,70,60.3448275862069
XPR,113,77,68.14159292035399
CWX,74,52,70.27027027027027
TAV,128,97,75.78125
EJN,50,38,76
WDH,47,39,82.97872340425532
RFT,53,44,83.01886792452831
SGM,55,46,83.63636363636364
SBK,51,43,84.31372549019608
BRV,33,28,84.84848484848484
DLX,75,64,85.33333333333333
PVC,30,26,86.66666666666667
YTS,30,26,86.66666666666667
MDF,94,82,87.23404255319149
TGE,32,28,87.5
BOS,49,43,87.75510204081633
GWL,101,89,88.11881188118812
ADL,83,75,90.36144578313252
JHT,45,41,91.11111111111111
KTR,50,46,92
QMS,25,23,92
LUM,63,58,92.06349206349206
PLZ,41,38,92.6829268292683
VRT,47,44,93.61702127659575
FNB,19,18,94.73684210526316
KMB,79,75,94.9367088607595
ORK,47,45,95.74468085106383
