month,vendor,monthly_late_rate,monthly_change
01,ADL,12.5,
02,ADL,0,-12.5
03,ADL,25,25
04,ADL,12.5,-12.5
05,ADL,0,-12.5
06,ADL,0,0
07,ADL,25,25
08,ADL,0,-25
09,ADL,0,0
10,ADL,16.666666666666668,16.666666666666668
11,ADL,25,8.333333333333332
12,ADL,0,-25
01,BOS,0,
02,BOS,25,25
03,BOS,0,-25
04,BOS,0,0
05,BOS,0,0
06,BOS,0,0
07,BOS,0,0
08,BOS,0,0
09,BOS,0,0
10,BOS,14.285714285714286,14.285714285714286
11,BOS,0,-14.285714285714286
12,BOS,25,25
01,BRV,100,
02,BRV,0,-100
03,BRV,25,25
04,BRV,0,-25
05,BRV,0,0
06,BRV,0,0
07,BRV,0,0
08,BRV,33.333333333333336,33.333333333333336
09,BRV,0,-33.333333333333336
10,BRV,0,0
11,BRV,100,100
12,BRV,0,-100
01,CWX,0,
02,CWX,0,0
03,CWX,0,0
04,CWX,16.666666666666668,16.666666666666668
05,CWX,25,8.333333333333332
06,CWX,25,0
07,CWX,40,15
08,CWX,0,-40
09,CWX,16.666666666666668,16.666666666666668
10,CWX,14.285714285714286,-2.3809523809523814
11,CWX,66.66666666666667,52.38095238095239
12,CWX,20,-46.66666666666667
01,DLX,20,
02,DLX,0,-20
03,DLX,33.333333333333336,33.333333333333336
04,DLX,0,-33.333333333333336
05,DLX,16.666666666666668,16.666666666666668
06,DLX,0,-16.666666666666668
07,DLX,0,0
08,DLX,0,0
09,DLX,0,0
10,DLX,0,0
11,DLX,20,20
12,DLX,12.5,-7.5
01,EJN,0,
02,EJN,0,0
03,EJN,0,0
04,EJN,0,0
05,EJN,0,0
06,EJN,0,0
07,EJN,0,0
08,EJN,0,0
09,EJN,25,25
10,EJN,50,25
11,EJN,25,-25
12,EJN,66.66666666666667,41.66666666666667
01,FNB,0,
02,FNB,0,0
03,FNB,0,0
04,FNB,0,0
05,FNB,100,100
06,FNB,0,-100
09,FNB,0,0
10,FNB,0,0
11,FNB,0,0
12,FNB,0,0
01,GWL,11.11111111111111,
02,GWL,0,-11.11111111111111
03,GWL,0,0
04,GWL,0,0
05,GWL,0,0
06,GWL,22.22222222222222,22.22222222222222
07,GWL,0,-22.22222222222222
08,GWL,0,0
09,GWL,28.571428571428573,28.571428571428573
10,GWL,0,-28.571428571428573
11,GWL,14.285714285714286,14.285714285714286
12,GWL,11.11111111111111,-3.1746031746031758
01,HCN,40,
02,HCN,60,20
03,HCN,50,-10
04,HCN,40,-10
05,HCN,0,-40
06,HCN,25,25
07,HCN,100,75
08,HCN,0,-100
09,HCN,0,0
10,HCN,20,20
11,HCN,60,40
12,HCN,80,20
01,JHT,0,
02,JHT,0,0
03,JHT,0,0
04,JHT,20,20
05,JHT,0,-20
06,JHT,0,0
07,JHT,0,0
08,JHT,0,0
09,JHT,0,0
10,JHT,0,0
11,JHT,0,0
12,JHT,0,0
01,KMB,0,
02,KMB,0,0
03,KMB,0,0
04,KMB,20,20
05,KMB,0,-20
06,KMB,0,0
07,KMB,0,0
08,KMB,0,0
09,KMB,0,0
10,KMB,0,0
11,KMB,16.666666666666668,16.666666666666668
12,KMB,0,-16.666666666666668
01,KTR,0,
02,KTR,0,0
03,KTR,0,0
04,KTR,40,40
05,KTR,0,-40
06,KTR,0,0
07,KTR,0,0
08,KTR,0,0
09,KTR,0,0
10,KTR,20,20
11,KTR,0,-20
12,KTR,0,0
01,LUM,16.666666666666668,
02,LUM,0,-16.666666666666668
03,LUM,0,0
04,LUM,0,0
05,LUM,33.333333333333336,33.333333333333336
06,LUM,0,-33.333333333333336
07,LUM,0,0
08,LUM,20,20
09,LUM,0,-20
10,LUM,0,0
11,LUM,25,25
12,LUM,0,-25
01,MDF,0,
02,MDF,0,0
03,MDF,0,0
04,MDF,28.571428571428573,28.571428571428573
05,MDF,0,-28.571428571428573
06,MDF,0,0
07,MDF,0,0
08,MDF,11.11111111111111,11.11111111111111
09,MDF,0,-11.11111111111111
10,MDF,28.571428571428573,28.571428571428573
11,MDF,12.5,-16.071428571428573
12,MDF,33.333333333333336,20.833333333333336
01,NHP,33.333333333333336,
02,NHP,0,-33.333333333333336
03,NHP,0,0
04,NHP,50,50
05,NHP,25,-25
06,NHP,0,-25
07,NHP,66.66666666666667,66.66666666666667
08,NHP,100,33.33333333333333
09,NHP,20,-80
10,NHP,42.857142857142854,22.857142857142854
11,NHP,50,7.142857142857146
12,NHP,25,-25
01,NRL,25,
02,NRL,9.090909090909092,-15.909090909090908
03,NRL,50,40.90909090909091
04,NRL,14.285714285714286,-35.714285714285715
05,NRL,23.076923076923077,8.79120879120879
06,NRL,33.333333333333336,10.256410256410259
07,NRL,50,16.666666666666664
08,NRL,45.45454545454545,-4.545454545454547
09,NRL,20,-25.454545454545453
10,NRL,50,30
11,NRL,57.142857142857146,7.142857142857146
12,NRL,60,2.857142857142854
01,ORK,0,
02,ORK,0,0
03,ORK,0,0
04,ORK,0,0
05,ORK,0,0
06,ORK,0,0
07,ORK,33.333333333333336,33.333333333333336
08,ORK,0,-33.333333333333336
09,ORK,0,0
10,ORK,0,0
11,ORK,0,0
12,ORK,0,0
01,PLZ,0,
02,PLZ,0,0
03,PLZ,0,0
04,PLZ,0,0
05,PLZ,33.333333333333336,33.333333333333336
06,PLZ,0,-33.333333333333336
07,PLZ,0,0
08,PLZ,0,0
09,PLZ,0,0
10,PLZ,0,0
11,PLZ,0,0
12,PLZ,33.333333333333336,33.333333333333336
01,PVC,25,
02,PVC,0,-25
03,PVC,0,0
04,PVC,0,0
06,PVC,0,0
07,PVC,0,0
08,PVC,0,0
09,PVC,0,0
10,PVC,0,0
11,PVC,33.333333333333336,33.333333333333336
12,PVC,50,16.666666666666664
01,QMS,0,
02,QMS,0,0
03,QMS,0,0
04,QMS,0,0
05,QMS,0,0
06,QMS,33.333333333333336,33.333333333333336
07,QMS,0,-33.333333333333336
08,QMS,0,0
09,QMS,0,0
10,QMS,0,0
11,QMS,0,0
12,QMS,100,100
01,RFT,0,
02,RFT,0,0
03,RFT,0,0
04,RFT,0,0
05,RFT,0,0
06,RFT,0,0
07,RFT,20,20
08,RFT,33.333333333333336,13.333333333333336
09,RFT,0,-33.333333333333336
10,RFT,0,0
11,RFT,25,25
12,RFT,16.666666666666668,-8.333333333333332
01,SBK,0,
02,SBK,0,0
03,SBK,0,0
04,SBK,0,0
05,SBK,0,0
06,SBK,0,0
07,SBK,33.333333333333336,33.333333333333336
08,SBK,25,-8.333333333333336
09,SBK,0,-25
10,SBK,20,20
11,SBK,0,-20
12,SBK,40,40
01,SGM,20,
02,SGM,0,-20
03,SGM,0,0
04,SGM,16.666666666666668,16.666666666666668
05,SGM,16.666666666666668,0
06,SGM,0,-16.666666666666668
07,SGM,0,0
08,SGM,20,20
09,SGM,0,-20
10,SGM,0,0
11,SGM,0,0
12,SGM,0,0
01,TAV,0,
02,TAV,0,0
03,TAV,18.181818181818183,18.181818181818183
04,TAV,0,-18.181818181818183
05,TAV,0,0
06,TAV,11.11111111111111,11.11111111111111
07,TAV,13.333333333333334,2.222222222222223
08,TAV,10,-3.333333333333334
09,TAV,0,-10
10,TAV,0,0
11,TAV,10,10
12,TAV,22.22222222222222,12.222222222222221
01,TGE,33.333333333333336,
02,TGE,33.333333333333336,0
03,TGE,0,-33.333333333333336
04,TGE,0,0
05,TGE,0,0
06,TGE,0,0
07,TGE,0,0
08,TGE,25,25
09,TGE,0,-25
10,TGE,0,0
11,TGE,0,0
01,VRT,0,
02,VRT,0,0
03,VRT,0,0
04,VRT,0,0
05,VRT,0,0
06,VRT,20,20
07,VRT,0,-20
08,VRT,25,25
09,VRT,0,-25
10,VRT,0,0
12,VRT,0,0
01,WDH,0,
02,WDH,0,0
03,WDH,0,0
04,WDH,60,60
05,WDH,25,-35
06,WDH,20,-5
07,WDH,20,0
08,WDH,0,-20
09,WDH,0,0
10,WDH,0,0
11,WDH,0,0
12,WDH,0,0
01,XPR,20,
02,XPR,45.45454545454545,25.454545454545453
03,XPR,40,-5.454545454545453
04,XPR,0,-40
05,XPR,44.44444444444444,44.44444444444444
06,XPR,27.272727272727273,-17.17171717171717
07,XPR,20,-7.272727272727273
08,XPR,25,5
09,XPR,22.22222222222222,-2.7777777777777786
10,XPR,8.333333333333334,-13.888888888888888
11,XPR,33.333333333333336,25
12,XPR,42.857142857142854,9.523809523809518
01,YTS,20,
02,YTS,50,30
04,YTS,0,-50
05,YTS,0,0
06,YTS,0,0
07,YTS,0,0
08,YTS,0,0
09,YTS,0,0
10,YTS,0,0
11,YTS,25,25
12,YTS,0,-25
01,ZAK,33.333333333333336,
02,ZAK,50,16.666666666666664
03,ZAK,33.333333333333336,-16.666666666666664
04,ZAK,33.333333333333336,0
05,ZAK,33.333333333333336,0
06,ZAK,25,-8.333333333333336
07,ZAK,26.666666666666668,1.6666666666666679
08,ZAK,42.857142857142854,16.190476190476186
09,ZAK,44.44444444444444,1.5873015873015888
10,ZAK,28.571428571428573,-15.87301587301587
11,ZAK,42.857142857142854,14.285714285714281
12,ZAK,77.77777777777777,34.92063492063492
