vendor,on_time,early,late_under_1hr,late_1_to_24hr,late_severe_24hr_plus
NRL,70,3,15,14,12
ZAK,68,5,15,21,7
XPR,77,5,15,10,4
HCN,28,1,9,8,4
NHP,24,2,3,8,3
GWL,89,5,1,2,2
YTS,26,0,3,0,1
TGE,28,1,1,0,1
TAV,97,22,5,3,1
SBK,43,3,2,2,1
MDF,82,3,3,4,1
LUM,58,0,0,4,1
FNB,18,0,0,0,1
BRV,28,1,1,1,1
WDH,39,2,0,1,0
VRT,44,1,2,0,0
SGM,46,5,3,0,0
RFT,44,5,1,2,0
QMS,23,0,1,0,0
PVC,26,1,2,1,0
PLZ,38,1,1,1,0
ORK,45,1,1,0,0
KTR,46,1,3,0,0
KMB,75,2,0,1,0
JHT,41,3,1,0,0
EJN,38,5,5,2,0
DLX,64,6,2,3,0
CWX,52,10,6,4,0
BOS,43,3,1,1,0
ADL,75,0,6,2,0
